{"cameraMode":{"drawMode":0,"name":"Shaded","section":"Shading Mode"},"sceneLighting":false,"audioPlay":false,"sceneViewState":{"m_AlwaysRefresh":false,"showFog":true,"showSkybox":false,"showFlares":true,"showImageEffects":true,"showParticleSystems":true,"showVisualEffectGraphs":true,"m_FxEnabled":true},"in2DMode":false,"pivot":{"x":3.653890609741211,"y":-12.369675636291504,"z":6.340980529785156},"rotation":{"x":0.04908053204417229,"y":0.9301824569702148,"z":-0.33776232600212099,"w":0.13516581058502198},"size":22.038240432739259,"orthographic":false}