{"cameraMode":{"drawMode":0,"name":"Shaded","section":"Shading Mode"},"sceneLighting":true,"audioPlay":false,"sceneViewState":{"m_AlwaysRefresh":false,"showFog":true,"showSkybox":true,"showFlares":true,"showImageEffects":true,"showParticleSystems":true,"showVisualEffectGraphs":true,"m_FxEnabled":true},"in2DMode":false,"pivot":{"x":8.521808624267579,"y":-0.172407865524292,"z":0.6323952674865723},"rotation":{"x":0.03619620203971863,"y":0.963598906993866,"z":-0.17683959007263184,"w":0.19723689556121827},"size":3.1762213706970217,"orthographic":false}